,coefs,wcomp,n_components,method,dataset
0,0.4256347101686527,1,1,ICA,lorenz
1,0.24538079055781556,1,1,ICA,lorenz
2,0.19703073489850692,1,1,ICA,lorenz
3,0.15715758690526846,1,1,ICA,lorenz
4,0.5276006923037625,1,1,ICA,lorenz
5,0.33861597580608116,1,1,ICA,lorenz
6,0.22664210715188937,1,1,ICA,lorenz
7,0.22886134143210762,1,1,ICA,lorenz
8,0.6887573026837694,1,1,ICA,lorenz
9,0.5657272278021265,1,1,ICA,lorenz
10,0.11769772231074171,1,1,ICA,lorenz
11,0.4862108101668422,1,1,ICA,lorenz
12,0.1842365783878009,1,1,ICA,lorenz
13,0.5151890269713488,1,1,ICA,lorenz
14,0.6930171072071183,1,1,ICA,lorenz
15,0.7510426830586838,1,1,ICA,lorenz
16,0.5723421323840578,1,1,ICA,lorenz
17,0.8447566712193945,1,1,ICA,lorenz
18,0.2206472363979589,1,1,ICA,lorenz
19,0.6103438247665278,1,1,ICA,lorenz
20,0.22276784725046905,1,1,ICA,lorenz
21,0.12059153786644901,1,1,ICA,lorenz
22,0.22453269010010263,1,1,ICA,lorenz
23,0.6516229780709839,1,1,ICA,lorenz
24,0.45721056207614996,1,1,ICA,lorenz
25,0.30394265161018025,1,1,ICA,lorenz
26,0.5028266102011074,1,1,ICA,lorenz
27,0.38803518812835885,1,1,ICA,lorenz
28,0.20304604604212606,1,1,ICA,lorenz
29,0.5780150293101465,1,1,ICA,lorenz
30,0.5400018121417189,1,1,ICA,lorenz
31,0.09844139100053756,1,1,ICA,lorenz
32,0.7862516404862796,1,1,ICA,lorenz
33,0.5822980842802896,1,1,ICA,lorenz
34,0.5971666667110501,1,1,ICA,lorenz
35,0.7090858623259676,1,1,ICA,lorenz
36,0.5276754648752934,1,1,ICA,lorenz
37,0.32050707227990954,1,1,ICA,lorenz
38,0.319862183946562,1,1,ICA,lorenz
39,0.38945469420574813,1,1,ICA,lorenz
40,0.5882450029617765,1,1,ICA,lorenz
41,0.2028619928313185,1,1,ICA,lorenz
42,0.20890062253976072,1,1,ICA,lorenz
43,0.6443811216514026,1,1,ICA,lorenz
44,0.5764790689704378,1,1,ICA,lorenz
45,0.1646406430760634,1,1,ICA,lorenz
46,0.2602512923417706,1,1,ICA,lorenz
47,0.4164146749356934,1,1,ICA,lorenz
48,0.6440124620137997,1,1,ICA,lorenz
49,0.4928497827255562,1,1,ICA,lorenz
0,0.4146599586933058,2,2,ICA,lorenz
1,0.24081829017507167,1,2,ICA,lorenz
2,0.16683723518436955,2,2,ICA,lorenz
3,0.16478212063762787,1,2,ICA,lorenz
4,0.816036932464449,2,2,ICA,lorenz
5,0.39691274946364263,2,2,ICA,lorenz
6,0.22949720052529324,1,2,ICA,lorenz
7,0.2219968307621892,1,2,ICA,lorenz
8,0.6885638137211311,1,2,ICA,lorenz
9,0.5288938336186721,1,2,ICA,lorenz
10,0.09571982772776905,1,2,ICA,lorenz
11,0.46048536631360437,2,2,ICA,lorenz
12,0.1766688828877537,1,2,ICA,lorenz
13,0.5020249937510394,1,2,ICA,lorenz
14,0.5780119630245619,2,2,ICA,lorenz
15,0.6767426524278147,2,2,ICA,lorenz
16,0.8017965048233435,2,2,ICA,lorenz
17,0.8446285020183096,1,2,ICA,lorenz
18,0.1825815615735888,2,2,ICA,lorenz
19,0.7859971377867652,2,2,ICA,lorenz
20,0.20629071103396276,1,2,ICA,lorenz
21,0.1501150107722876,2,2,ICA,lorenz
22,0.22633394902190407,1,2,ICA,lorenz
23,0.5135879350928896,2,2,ICA,lorenz
24,0.3643940346893533,2,2,ICA,lorenz
25,0.30130859081055034,1,2,ICA,lorenz
26,0.6325898542186319,2,2,ICA,lorenz
27,0.937772459475275,2,2,ICA,lorenz
28,0.29667502806205726,2,2,ICA,lorenz
29,0.7372707656133142,2,2,ICA,lorenz
30,0.7739284445432655,2,2,ICA,lorenz
31,0.09177935606836143,2,2,ICA,lorenz
32,0.7659801592910799,2,2,ICA,lorenz
33,0.6684517023523231,2,2,ICA,lorenz
34,0.690884333136513,2,2,ICA,lorenz
35,0.8795946327568873,1,2,ICA,lorenz
36,0.5374437012802269,1,2,ICA,lorenz
37,0.5651685165434676,2,2,ICA,lorenz
38,0.4989273262806417,2,2,ICA,lorenz
39,0.7307602870417561,2,2,ICA,lorenz
40,0.6010746012545902,1,2,ICA,lorenz
41,0.2037041568039835,1,2,ICA,lorenz
42,0.20733858133667002,1,2,ICA,lorenz
43,0.6071340203551391,2,2,ICA,lorenz
44,0.6602946541277257,2,2,ICA,lorenz
45,0.1630055770039153,1,2,ICA,lorenz
46,0.2603798826676156,1,2,ICA,lorenz
47,0.5055403640834599,1,2,ICA,lorenz
48,0.8975103877337438,2,2,ICA,lorenz
49,0.6671066403853714,2,2,ICA,lorenz
0,0.4149861747244138,3,3,ICA,lorenz
1,0.2224930388266595,2,3,ICA,lorenz
2,0.16951515588655974,3,3,ICA,lorenz
3,0.162595356077083,2,3,ICA,lorenz
4,0.8159323055050447,3,3,ICA,lorenz
5,0.3956889073969922,2,3,ICA,lorenz
6,0.16317730400320513,2,3,ICA,lorenz
7,0.22119438453763335,3,3,ICA,lorenz
8,0.7064349887352559,2,3,ICA,lorenz
9,0.5337990802542991,3,3,ICA,lorenz
10,0.09735770297040619,3,3,ICA,lorenz
11,0.4607954375965405,3,3,ICA,lorenz
12,0.17709104692270472,2,3,ICA,lorenz
13,0.5020194555821661,2,3,ICA,lorenz
14,0.579333689635398,2,3,ICA,lorenz
15,0.6774269123317793,2,3,ICA,lorenz
16,0.7909849523453396,2,3,ICA,lorenz
17,0.8567463915748157,3,3,ICA,lorenz
18,0.18260397201152406,3,3,ICA,lorenz
19,0.816035346637446,3,3,ICA,lorenz
20,0.20629684093085626,3,3,ICA,lorenz
21,0.15017509504009902,3,3,ICA,lorenz
22,0.22644076514492817,1,3,ICA,lorenz
23,0.6581064036091477,3,3,ICA,lorenz
24,0.36524569690328174,2,3,ICA,lorenz
25,0.3013574116185648,3,3,ICA,lorenz
26,0.6323910340417074,2,3,ICA,lorenz
27,0.9378412161420436,3,3,ICA,lorenz
28,0.2974931205343764,3,3,ICA,lorenz
29,0.7800955167884605,3,3,ICA,lorenz
30,0.7765785205389095,2,3,ICA,lorenz
31,0.09213877024258485,2,3,ICA,lorenz
32,0.7805930922399683,2,3,ICA,lorenz
33,0.6682246834442166,2,3,ICA,lorenz
34,0.6897240149992798,2,3,ICA,lorenz
35,0.8779896646735477,3,3,ICA,lorenz
36,0.5373440845162651,2,3,ICA,lorenz
37,0.5638964665520916,3,3,ICA,lorenz
38,0.49841034575974563,3,3,ICA,lorenz
39,0.6943950250448903,3,3,ICA,lorenz
40,0.5757885796494892,3,3,ICA,lorenz
41,0.21299548608156307,2,3,ICA,lorenz
42,0.2062328747071624,1,3,ICA,lorenz
43,0.6276951845818883,2,3,ICA,lorenz
44,0.6606351722236976,2,3,ICA,lorenz
45,0.1644531998874808,2,3,ICA,lorenz
46,0.21607750975292067,2,3,ICA,lorenz
47,0.5056993572426205,2,3,ICA,lorenz
48,0.8036474623398773,1,3,ICA,lorenz
49,0.6656450422137818,2,3,ICA,lorenz
0,0.415193500676739,2,4,ICA,lorenz
1,0.22233482586315897,1,4,ICA,lorenz
2,0.16891922561903,2,4,ICA,lorenz
3,0.16236901096627293,1,4,ICA,lorenz
4,0.799877314383894,3,4,ICA,lorenz
5,0.3967045870349491,1,4,ICA,lorenz
6,0.16277237472113737,1,4,ICA,lorenz
7,0.21972914782436315,2,4,ICA,lorenz
8,0.6672639486661893,2,4,ICA,lorenz
9,0.5316846222171642,2,4,ICA,lorenz
10,0.13421680672551206,3,4,ICA,lorenz
11,0.4587960878946748,2,4,ICA,lorenz
12,0.1771129494468453,1,4,ICA,lorenz
13,0.502017196669619,1,4,ICA,lorenz
14,0.5800127052899459,1,4,ICA,lorenz
15,0.6764141732596602,1,4,ICA,lorenz
16,0.6683154587515141,1,4,ICA,lorenz
17,0.8319593321721275,1,4,ICA,lorenz
18,0.182490268838984,2,4,ICA,lorenz
19,0.805223635661753,3,4,ICA,lorenz
20,0.20640033465308738,1,4,ICA,lorenz
21,0.1517619210509089,2,4,ICA,lorenz
22,0.22621778943595805,1,4,ICA,lorenz
23,0.6743449559577712,1,4,ICA,lorenz
24,0.36539911347769893,1,4,ICA,lorenz
25,0.30149491332639766,1,4,ICA,lorenz
26,0.6313058150303423,1,4,ICA,lorenz
27,0.9341807152154951,3,4,ICA,lorenz
28,0.29719771805853157,2,4,ICA,lorenz
29,0.7304362212486677,3,4,ICA,lorenz
30,0.721171651986679,1,4,ICA,lorenz
31,0.09001521861220857,1,4,ICA,lorenz
32,0.7808857820379074,1,4,ICA,lorenz
33,0.6369561921321018,1,4,ICA,lorenz
34,0.6850056707631876,3,4,ICA,lorenz
35,0.8571186246034754,2,4,ICA,lorenz
36,0.5368921424979517,1,4,ICA,lorenz
37,0.5605452773695329,2,4,ICA,lorenz
38,0.4996596278734394,2,4,ICA,lorenz
39,0.712422788460535,2,4,ICA,lorenz
40,0.554349144554448,2,4,ICA,lorenz
41,0.21530199559696356,1,4,ICA,lorenz
42,0.20667124540539855,1,4,ICA,lorenz
43,0.5924018486313973,2,4,ICA,lorenz
44,0.6597470027642167,1,4,ICA,lorenz
45,0.16710610145428517,1,4,ICA,lorenz
46,0.21646453016317302,1,4,ICA,lorenz
47,0.5059010959160354,1,4,ICA,lorenz
48,0.8802026239807448,4,4,ICA,lorenz
49,0.6662904087726745,1,4,ICA,lorenz
0,0.595309146462282,1,5,ICA,lorenz
1,0.6456529517405796,1,5,ICA,lorenz
2,0.45709619051925954,2,5,ICA,lorenz
3,0.4901866310117351,4,5,ICA,lorenz
4,0.7766578465513094,4,5,ICA,lorenz
5,0.6579990327274199,4,5,ICA,lorenz
6,0.6661850820554791,1,5,ICA,lorenz
7,0.7029534209191712,4,5,ICA,lorenz
8,0.7395882414541164,4,5,ICA,lorenz
9,0.5479233065128113,3,5,ICA,lorenz
10,0.37799322688537074,3,5,ICA,lorenz
11,0.6961711860884567,1,5,ICA,lorenz
12,0.7598777942874875,2,5,ICA,lorenz
13,0.6768894607058358,2,5,ICA,lorenz
14,0.5802918193638027,2,5,ICA,lorenz
15,0.6986044096020531,1,5,ICA,lorenz
16,0.6600188756426102,3,5,ICA,lorenz
17,0.6220944503043087,5,5,ICA,lorenz
18,0.7788912078706781,5,5,ICA,lorenz
19,0.6960549250854269,1,5,ICA,lorenz
20,0.5161420327366034,1,5,ICA,lorenz
21,0.4049644422853682,2,5,ICA,lorenz
22,0.5440551825203074,1,5,ICA,lorenz
23,0.8460975626370533,4,5,ICA,lorenz
24,0.6932543173900954,1,5,ICA,lorenz
25,0.7354666175352816,5,5,ICA,lorenz
26,0.6655356115345714,4,5,ICA,lorenz
27,0.7838878122465102,1,5,ICA,lorenz
28,0.6112221554828621,2,5,ICA,lorenz
29,0.7055403165894776,1,5,ICA,lorenz
30,0.6864620747152703,1,5,ICA,lorenz
31,0.26115030248381843,1,5,ICA,lorenz
32,0.7025670690557385,4,5,ICA,lorenz
33,0.7895477734636629,1,5,ICA,lorenz
34,0.6744466285706042,2,5,ICA,lorenz
35,0.6774365679931871,2,5,ICA,lorenz
36,0.8677196675807943,3,5,ICA,lorenz
37,0.7644097042947526,2,5,ICA,lorenz
38,0.5631561221575874,3,5,ICA,lorenz
39,0.5092361069678848,1,5,ICA,lorenz
40,0.7247168209290193,3,5,ICA,lorenz
41,0.6183860662540992,1,5,ICA,lorenz
42,0.6363034403867628,2,5,ICA,lorenz
43,0.5549721350740213,4,5,ICA,lorenz
44,0.8117007434061891,2,5,ICA,lorenz
45,0.4863620614825877,1,5,ICA,lorenz
46,0.7812672014680517,4,5,ICA,lorenz
47,0.6594826851721644,2,5,ICA,lorenz
48,0.7414610115188518,4,5,ICA,lorenz
49,0.7953067997743799,2,5,ICA,lorenz
0,0.5480606020428039,3,6,ICA,lorenz
1,0.47284600677205857,6,6,ICA,lorenz
2,0.45719222640644197,4,6,ICA,lorenz
3,0.46083124491825594,4,6,ICA,lorenz
4,0.5942576796198914,4,6,ICA,lorenz
5,0.5572605102575707,4,6,ICA,lorenz
6,0.47082389672294384,2,6,ICA,lorenz
7,0.7066621808300749,4,6,ICA,lorenz
8,0.6547905226071883,3,6,ICA,lorenz
9,0.650390417396546,3,6,ICA,lorenz
10,0.5415484435069327,6,6,ICA,lorenz
11,0.6138506679442095,1,6,ICA,lorenz
12,0.8165173587824782,6,6,ICA,lorenz
13,0.6392900202722416,3,6,ICA,lorenz
14,0.816785707527405,3,6,ICA,lorenz
15,0.7818238326867056,3,6,ICA,lorenz
16,0.6578302212667879,3,6,ICA,lorenz
17,0.5606273026089043,6,6,ICA,lorenz
18,0.7720633988518001,4,6,ICA,lorenz
19,0.5211778914405467,1,6,ICA,lorenz
20,0.5609730858989148,4,6,ICA,lorenz
21,0.45060012425874224,1,6,ICA,lorenz
22,0.5667476945531041,3,6,ICA,lorenz
23,0.837343086683323,6,6,ICA,lorenz
24,0.7786315305388865,3,6,ICA,lorenz
25,0.5896491892647352,5,6,ICA,lorenz
26,0.6369241500280294,3,6,ICA,lorenz
27,0.7833689732137387,6,6,ICA,lorenz
28,0.46654938171609867,4,6,ICA,lorenz
29,0.5385976700335179,3,6,ICA,lorenz
30,0.7049749373170013,3,6,ICA,lorenz
31,0.24413386936581913,2,6,ICA,lorenz
32,0.7102234658488206,5,6,ICA,lorenz
33,0.8060645129854422,3,6,ICA,lorenz
34,0.6832282305677416,3,6,ICA,lorenz
35,0.6653804508012496,3,6,ICA,lorenz
36,0.7486205020391412,3,6,ICA,lorenz
37,0.588099743485831,3,6,ICA,lorenz
38,0.5304449175835155,6,6,ICA,lorenz
39,0.5282761363135384,3,6,ICA,lorenz
40,0.5977654772696612,4,6,ICA,lorenz
41,0.6864824927519098,6,6,ICA,lorenz
42,0.6497776273583384,3,6,ICA,lorenz
43,0.591244026059935,3,6,ICA,lorenz
44,0.8379784808102566,3,6,ICA,lorenz
45,0.4511969309669306,6,6,ICA,lorenz
46,0.5305791395829988,6,6,ICA,lorenz
47,0.6598287652913766,3,6,ICA,lorenz
48,0.7139011602502624,5,6,ICA,lorenz
49,0.7959825420202482,3,6,ICA,lorenz
